contract_award_unique_key,award_id_piid,parent_award_agency_id,parent_award_agency_name,parent_award_id_piid,disaster_emergency_fund_codes,outlayed_amount_from_COVID-19_supplementals,obligated_amount_from_COVID-19_supplementals,outlayed_amount_from_IIJA_supplemental,obligated_amount_from_IIJA_supplemental,total_obligated_amount,current_total_value_of_award,potential_total_value_of_award,award_base_action_date,award_base_action_date_fiscal_year,award_latest_action_date,award_latest_action_date_fiscal_year,period_of_performance_start_date,period_of_performance_current_end_date,period_of_performance_potential_end_date,ordering_period_end_date,solicitation_date,awarding_agency_code,awarding_agency_name,awarding_sub_agency_code,awarding_sub_agency_name,awarding_office_code,awarding_office_name,funding_agency_code,funding_agency_name,funding_sub_agency_code,funding_sub_agency_name,funding_office_code,funding_office_name,treasury_accounts_funding_this_award,federal_accounts_funding_this_award,object_classes_funding_this_award,program_activities_funding_this_award,foreign_funding,foreign_funding_description,sam_exception,sam_exception_description,recipient_uei,recipient_duns,recipient_name,recipient_name_raw,recipient_doing_business_as_name,cage_code,recipient_parent_uei,recipient_parent_duns,recipient_parent_name,recipient_parent_name_raw,recipient_country_code,recipient_country_name,recipient_address_line_1,recipient_address_line_2,recipient_city_name,recipient_county_name,recipient_state_code,recipient_state_name,recipient_zip_4_code,recipient_congressional_district,recipient_phone_number,recipient_fax_number,primary_place_of_performance_country_code,primary_place_of_performance_country_name,primary_place_of_performance_city_name,primary_place_of_performance_county_name,primary_place_of_performance_state_code,primary_place_of_performance_state_name,primary_place_of_performance_zip_4,primary_place_of_performance_congressional_district,award_or_idv_flag,award_type_code,award_type,idv_type_code,idv_type,multiple_or_single_award_idv_code,multiple_or_single_award_idv,type_of_idc_code,type_of_idc,type_of_contract_pricing_code,type_of_contract_pricing,prime_award_base_transaction_description,solicitation_identifier,number_of_actions,inherently_governmental_functions,inherently_governmental_functions_description,product_or_service_code,product_or_service_code_description,contract_bundling_code,contract_bundling,dod_claimant_program_code,dod_claimant_program_description,naics_code,naics_description,recovered_materials_sustainability_code,recovered_materials_sustainability,domestic_or_foreign_entity_code,domestic_or_foreign_entity,dod_acquisition_program_code,dod_acquisition_program_description,information_technology_commercial_item_category_code,information_technology_commercial_item_category,epa_designated_product_code,epa_designated_product,country_of_product_or_service_origin_code,country_of_product_or_service_origin,place_of_manufacture_code,place_of_manufacture,subcontracting_plan_code,subcontracting_plan,extent_competed_code,extent_competed,solicitation_procedures_code,solicitation_procedures,type_of_set_aside_code,type_of_set_aside,evaluated_preference_code,evaluated_preference,research_code,research,fair_opportunity_limited_sources_code,fair_opportunity_limited_sources,other_than_full_and_open_competition_code,other_than_full_and_open_competition,number_of_offers_received,commercial_item_acquisition_procedures_code,commercial_item_acquisition_procedures,small_business_competitiveness_demonstration_program,simplified_procedures_for_certain_commercial_items_code,simplified_procedures_for_certain_commercial_items,a76_fair_act_action_code,a76_fair_act_action,fed_biz_opps_code,fed_biz_opps,local_area_set_aside_code,local_area_set_aside,price_evaluation_adjustment_preference_percent_difference,clinger_cohen_act_planning_code,clinger_cohen_act_planning,materials_supplies_articles_equipment_code,materials_supplies_articles_equipment,labor_standards_code,labor_standards,construction_wage_rate_requirements_code,construction_wage_rate_requirements,interagency_contracting_authority_code,interagency_contracting_authority,other_statutory_authority,program_acronym,parent_award_type_code,parent_award_type,parent_award_single_or_multiple_code,parent_award_single_or_multiple,major_program,national_interest_action_code,national_interest_action,cost_or_pricing_data_code,cost_or_pricing_data,cost_accounting_standards_clause_code,cost_accounting_standards_clause,government_furnished_property_code,government_furnished_property,sea_transportation_code,sea_transportation,consolidated_contract_code,consolidated_contract,performance_based_service_acquisition_code,performance_based_service_acquisition,multi_year_contract_code,multi_year_contract,contract_financing_code,contract_financing,purchase_card_as_payment_method_code,purchase_card_as_payment_method,contingency_humanitarian_or_peacekeeping_operation_code,contingency_humanitarian_or_peacekeeping_operation,alaskan_native_corporation_owned_firm,american_indian_owned_business,indian_tribe_federally_recognized,native_hawaiian_organization_owned_firm,tribally_owned_firm,veteran_owned_business,service_disabled_veteran_owned_business,woman_owned_business,women_owned_small_business,economically_disadvantaged_women_owned_small_business,joint_venture_women_owned_small_business,joint_venture_economic_disadvantaged_women_owned_small_bus,minority_owned_business,subcontinent_asian_asian_indian_american_owned_business,asian_pacific_american_owned_business,black_american_owned_business,hispanic_american_owned_business,native_american_owned_business,other_minority_owned_business,contracting_officers_determination_of_business_size,contracting_officers_determination_of_business_size_code,emerging_small_business,community_developed_corporation_owned_firm,labor_surplus_area_firm,us_federal_government,federally_funded_research_and_development_corp,federal_agency,us_state_government,us_local_government,city_local_government,county_local_government,inter_municipal_local_government,local_government_owned,municipality_local_government,school_district_local_government,township_local_government,us_tribal_government,foreign_government,organizational_type,corporate_entity_not_tax_exempt,corporate_entity_tax_exempt,partnership_or_limited_liability_partnership,sole_proprietorship,small_agricultural_cooperative,international_organization,us_government_entity,community_development_corporation,domestic_shelter,educational_institution,foundation,hospital_flag,manufacturer_of_goods,veterinary_hospital,hispanic_servicing_institution,receives_contracts,receives_financial_assistance,receives_contracts_and_financial_assistance,airport_authority,council_of_governments,housing_authorities_public_tribal,interstate_entity,planning_commission,port_authority,transit_authority,subchapter_scorporation,limited_liability_corporation,foreign_owned,for_profit_organization,nonprofit_organization,other_not_for_profit_organization,the_ability_one_program,private_university_or_college,state_controlled_institution_of_higher_learning,1862_land_grant_college,1890_land_grant_college,1994_land_grant_college,minority_institution,historically_black_college,tribal_college,alaskan_native_servicing_institution,native_hawaiian_servicing_institution,school_of_forestry,veterinary_college,dot_certified_disadvantage,self_certified_small_disadvantaged_business,small_disadvantaged_business,c8a_program_participant,historically_underutilized_business_zone_hubzone_firm,sba_certified_8a_joint_venture,highly_compensated_officer_1_name,highly_compensated_officer_1_amount,highly_compensated_officer_2_name,highly_compensated_officer_2_amount,highly_compensated_officer_3_name,highly_compensated_officer_3_amount,highly_compensated_officer_4_name,highly_compensated_officer_4_amount,highly_compensated_officer_5_name,highly_compensated_officer_5_amount,usaspending_permalink,last_modified_date
CONT_AWD_70CDCR19P00000047_7012_-NONE-_-NONE-,70CDCR19P00000047,,,,"9: DEFC of '9' Indicates that the data for this row is not related to a COVID-19 P.L. (not DEFC = L, M, N, O, P, U, or V)",,,,,243.59,243.59,243.59,2019-07-03,2019,2020-01-09,2020,2019-07-03,2020-08-31,2020-08-31 00:00:00,,,070,Department of Homeland Security,7012,U.S. Immigration and Customs Enforcement,70CDCR,DETENTION COMPLIANCE AND REMOVALS,070,Department of Homeland Security,7012,U.S. Immigration and Customs Enforcement,70CFSF,ENFORCMNTREMOVL OPNS FOD SAN FRAN,070-2019/2019-0540-000,070-0540,25.2: Other services from non-Federal sources,OPTN: FIELD IS OPTIONAL PRIOR TO FY21,X,NOT APPLICABLE,,,JNECJW88ML98,155922172,COUNTY OF SANTA CLARA,"SANTA CLARA, COUNTY OF",,1M2G0,JN6JQKW5G6G6,069118289,"SANTA CLARA, COUNTY OF",COUNTY OF SANTA CLARA,USA,UNITED STATES,55 W YOUNGER AVE 4TH FL,,SAN JOSE,SANTA CLARA,CA,CALIFORNIA,951101712,19,4088084908,4082888144,USA,UNITED STATES,SAN JOSE,SANTA CLARA,CA,CALIFORNIA,951101712,19,AWARD,B,PURCHASE ORDER,,,,,,,J,FIRM FIXED PRICE,IGF::CT::IGF:: SLETS LAW ENFORCEMENT INVESTIGATIVE RESEARCH,,1,CT,CRITICAL FUNCTIONS,R612,SUPPORT- ADMINISTRATIVE: INFORMATION RETRIEVAL,H,NOT BUNDLED,,,518210,"DATA PROCESSING, HOSTING, AND RELATED SERVICES",C,NO CLAUSES INCLUDED AND NO SUSTAINABILITY INCLUDED,B,OTHER U.S. ENTITY (E.G. GOVERNMENT),,,,,E,NOT REQUIRED,USA,UNITED STATES,C,NOT A MANUFACTURED END PRODUCT,B,PLAN NOT REQUIRED,C,NOT COMPETED,SSS,ONLY ONE SOURCE,NONE,NO SET ASIDE USED.,NONE,NO PREFERENCE USED,,,,,ONE,ONLY ONE SOURCE-OTHER (FAR 6.302-1 OTHER),1,D,COMMERCIAL ITEM PROCEDURES NOT USED,f,N,NO,N,NO,N,NO,N,NO,,N,NO,N,NO,N,NO,N,NO,X,NOT APPLICABLE,,,,,,,,NONE,NONE,,,,,N,N,,,D,NOT CONSOLIDATED,N,NO - SERVICE WHERE PBA IS NOT USED.,,,,,N,NO,X,NOT APPLICABLE,f,f,f,f,f,f,f,f,f,f,f,f,f,f,f,f,f,f,f,OTHER THAN SMALL BUSINESS,O,f,f,f,f,f,f,f,t,f,t,f,f,f,f,f,f,f,US GOVERNMENT ENTITY,f,f,f,f,f,f,t,f,f,f,f,f,f,f,f,f,f,t,f,f,f,f,f,f,f,f,f,f,f,f,f,f,f,f,f,f,f,f,f,f,f,f,f,f,f,f,f,f,f,f,,,,,,,,,,,https://www.usaspending.gov/award/CONT_AWD_70CDCR19P00000047_7012_-NONE-_-NONE-/,2020-01-09
CONT_AWD_70US0918P70090068_7009_-NONE-_-NONE-,70US0918P70090068,,,,Q: Excluded from tracking (uses non-emergency/non-disaster designated appropriations),,,,,12743.20,12743.20,12743.20,2018-02-05,2018,2018-02-05,2018,2018-03-01,2019-02-28,2019-02-28 00:00:00,,,070,Department of Homeland Security,7009,U.S. Secret Service,70US09,U. S. SECRET SERVICE,070,Department of Homeland Security,7009,U.S. Secret Service,70US09,U. S. SECRET SERVICE,070-2018/2018-0400-000,070-0400,"23.3: Communications, utilities, and miscellaneous charges",0015: CAS - FIELD OPERATIONS,X,NOT APPLICABLE,,,GME4X8P8JD74,160530572,COUNTY OF SANTA CLARA,"SANTA CLARA, COUNTY OF",,,JN6JQKW5G6G6,069118289,"SANTA CLARA, COUNTY OF",COUNTY OF SANTA CLARA,USA,UNITED STATES,1555 BERGER DR BLDG 2,,SAN JOSE,SANTA CLARA,CA,CALIFORNIA,951122716,17,4089187006,4082866289,USA,UNITED STATES,SAN JOSE,SANTA CLARA,CA,CALIFORNIA,951132444,19,AWARD,B,PURCHASE ORDER,,,,,,,J,FIRM FIXED PRICE,CA LAW ENFORCEMENT TELECOM SYSTEM (CLETS) ACCESS.,,1,,,D313,IT AND TELECOM- COMPUTER AIDED DESIGN/COMPUTER AIDED MANUFACTURING (CAD/CAM),H,NOT BUNDLED,,,519190,ALL OTHER INFORMATION SERVICES,C,NO CLAUSES INCLUDED AND NO SUSTAINABILITY INCLUDED,B,OTHER U.S. ENTITY (E.G. GOVERNMENT),,,,,E,NOT REQUIRED,USA,UNITED STATES,C,NOT A MANUFACTURED END PRODUCT,B,PLAN NOT REQUIRED,G,NOT COMPETED UNDER SAP,SP1,SIMPLIFIED ACQUISITION,NONE,NO SET ASIDE USED.,NONE,NO PREFERENCE USED,,,,,SP2,SAP NON-COMPETITION,1,A,COMMERCIAL ITEM,f,N,NO,N,NO,N,NO,N,NO,,N,NO,X,NOT APPLICABLE,X,NOT APPLICABLE,X,NOT APPLICABLE,X,NOT APPLICABLE,,,,,,,,NONE,NONE,,,,,N,N,,,D,NOT CONSOLIDATED,Y,YES - SERVICE WHERE PBA IS USED.,,,Z,NOT APPLICABLE,N,NO,X,NOT APPLICABLE,f,f,f,f,f,f,f,f,f,f,f,f,f,f,f,f,f,f,f,OTHER THAN SMALL BUSINESS,O,f,f,f,f,f,f,f,t,f,t,f,f,f,f,f,f,f,,f,f,f,f,f,f,t,f,f,f,f,f,f,f,f,f,f,t,f,f,f,f,f,f,f,f,f,f,f,f,f,f,f,f,f,f,f,f,f,f,f,f,f,f,f,f,f,f,f,f,,,,,,,,,,,https://www.usaspending.gov/award/CONT_AWD_70US0918P70090068_7009_-NONE-_-NONE-/,2018-02-05
CONT_AWD_HSVSF5P0023_7012_-NONE-_-NONE-,HSVSF5P0023,,,,,,,,,3600.00,,,2004-10-01,2005,2017-05-31,2017,2004-10-01,2005-09-30,2005-09-30 00:00:00,,,070,Department of Homeland Security,7012,U.S. Immigration and Customs Enforcement,70CMSD,MISSION SUPPORT DALLAS,070,Department of Homeland Security,7055,Office of the Chief Procurement Officer,70QXXX,DHS CLOSEOUT INITIATIVE,,,,,X,NOT APPLICABLE,,,D4H1R5SJBT61,106885499,"SANTA CLARA, COUNTY OF",SANTA CLARA COUNTY OF,ENVIRONMENTAL HEALTH DEPT,,JN6JQKW5G6G6,069118289,"SANTA CLARA, COUNTY OF",COUNTY OF SANTA CLARA,USA,UNITED STATES,1555 BERGER DR STE 300,,SAN JOSE,SANTA CLARA,CA,CALIFORNIA,951122716,17,,,USA,UNITED STATES,SAN JOSE,SANTA CLARA,CA,CALIFORNIA,951122716,17,AWARD,B,PURCHASE ORDER,,,,,,,,,CJIS ACCESS,,1,,,R426,SUPPORT- PROFESSIONAL: COMMUNICATIONS,,,,,,,,,,,,,,,,,,,,,,,A,FULL AND OPEN COMPETITION,SP1,SIMPLIFIED ACQUISITION,NONE,NO SET ASIDE USED.,NONE,NO PREFERENCE USED,,,,,,,0,D,COMMERCIAL ITEM PROCEDURES NOT USED,f,N,NO,N,NO,X,NOT APPLICABLE,,,,N,NO,X,NOT APPLICABLE,X,NOT APPLICABLE,X,NOT APPLICABLE,X,NOT APPLICABLE,,,,,,,,NONE,NONE,,,X,NOT APPLICABLE EXEMPT FROM CAS,N,N,,,N,NO,N,NO - SERVICE WHERE PBA IS NOT USED.,N,NO,,,N,NO,X,NOT APPLICABLE,f,f,f,f,f,f,f,f,f,f,f,f,f,f,f,f,f,f,f,OTHER THAN SMALL BUSINESS,O,f,f,f,f,f,f,f,t,f,f,f,f,f,f,f,f,f,,f,f,f,f,f,f,f,f,f,f,f,f,f,f,f,f,f,f,f,f,f,f,f,f,f,f,f,f,f,f,f,f,f,f,f,f,f,f,f,f,f,f,f,f,f,f,f,f,f,f,,,,,,,,,,,https://www.usaspending.gov/award/CONT_AWD_HSVSF5P0023_7012_-NONE-_-NONE-/,2017-07-28
CONT_AWD_HSVSF5P0004_7012_-NONE-_-NONE-,HSVSF5P0004,,,,,,,,,1500.01,,,2004-09-27,2004,2017-05-31,2017,2004-09-27,2005-09-30,2005-09-30 00:00:00,,,070,Department of Homeland Security,7012,U.S. Immigration and Customs Enforcement,70CMSD,MISSION SUPPORT DALLAS,070,Department of Homeland Security,7055,Office of the Chief Procurement Officer,70QXXX,DHS CLOSEOUT INITIATIVE,,,,,X,NOT APPLICABLE,,,JNECJW88ML98,155922172,COUNTY OF SANTA CLARA,COUNTY OF SANTA CLARA OFFICE OF THE SHERIFF,,,JN6JQKW5G6G6,069118289,"SANTA CLARA, COUNTY OF",COUNTY OF SANTA CLARA,USA,UNITED STATES,55 WEST YOUNGER AVE.,,SAN JOSE,SANTA CLARA,CA,CALIFORNIA,951101721,19,,,USA,UNITED STATES,SAN JOSE,SANTA CLARA,CA,CALIFORNIA,951101712,19,AWARD,B,PURCHASE ORDER,,,,,,,,,SCLET SERVICE,,1,,,D316,IT AND TELECOM- TELECOMMUNICATIONS NETWORK MANAGEMENT,,,,,,,,,,,,,,,E,NOT REQUIRED,,,,,,,A,FULL AND OPEN COMPETITION,SP1,SIMPLIFIED ACQUISITION,NONE,NO SET ASIDE USED.,NONE,NO PREFERENCE USED,,,,,,,3,D,COMMERCIAL ITEM PROCEDURES NOT USED,f,N,NO,N,NO,X,NOT APPLICABLE,,,,N,NO,X,NOT APPLICABLE,X,NOT APPLICABLE,X,NOT APPLICABLE,X,NOT APPLICABLE,,,,,,,,NONE,NONE,,,X,NOT APPLICABLE EXEMPT FROM CAS,N,N,,,N,NO,N,NO - SERVICE WHERE PBA IS NOT USED.,N,NO,,,N,NO,X,NOT APPLICABLE,f,f,f,f,f,f,f,f,f,f,f,f,f,f,f,f,f,f,f,OTHER THAN SMALL BUSINESS,O,f,f,f,f,f,f,f,t,f,f,f,f,f,f,f,f,f,,f,f,f,f,f,f,f,f,f,f,f,f,f,f,f,f,f,f,f,f,f,f,f,f,f,f,f,f,f,f,f,f,f,f,f,f,f,f,f,f,f,f,f,f,f,f,f,f,f,f,,,,,,,,,,,https://www.usaspending.gov/award/CONT_AWD_HSVSF5P0004_7012_-NONE-_-NONE-/,2017-07-28
CONT_AWD_HSSS0116P0008_7009_-NONE-_-NONE-,HSSS0116P0008,,,,,,,,,10120.20,,,2015-11-10,2016,2015-11-10,2016,2015-11-10,2016-09-30,2016-09-30 00:00:00,,,070,Department of Homeland Security,7009,U.S. Secret Service,SS001,U.S. SECRET SERVICE,070,Department of Homeland Security,7009,U.S. Secret Service,SS001,U.S. SECRET SERVICE,,,,,X,NOT APPLICABLE,,,C6BNA8HMFMD7,014292937,"SANTA CLARA, COUNTY OF","SANTA CLARA, COUNTY OF",,,JN6JQKW5G6G6,069118289,"SANTA CLARA, COUNTY OF",COUNTY OF SANTA CLARA,USA,UNITED STATES,1555 BERGER DR BLDG 2 2ND FL,,SAN JOSE,SANTA CLARA,CA,CALIFORNIA,951122716,17,4089187125,4082839294,USA,UNITED STATES,SAN JOSE,SANTA CLARA,CA,CALIFORNIA,951133006,19,AWARD,B,PURCHASE ORDER,,,,,,,J,FIRM FIXED PRICE,IGF::OT::IGF - LAW ENFORCEMENT DATABASE COUNTY OF SANTA CLARA,,1,,,D316,IT AND TELECOM- TELECOMMUNICATIONS NETWORK MANAGEMENT,D,NOT A BUNDLED REQUIREMENT,,,517911,TELECOMMUNICATIONS RESELLERS,C,NO CLAUSES INCLUDED AND NO SUSTAINABILITY INCLUDED,B,OTHER U.S. ENTITY (E.G. GOVERNMENT),,,,,E,NOT REQUIRED,USA,UNITED STATES,C,NOT A MANUFACTURED END PRODUCT,B,PLAN NOT REQUIRED,G,NOT COMPETED UNDER SAP,SP1,SIMPLIFIED ACQUISITION,NONE,NO SET ASIDE USED.,NONE,NO PREFERENCE USED,,,,,SP2,SAP NON-COMPETITION,1,A,COMMERCIAL ITEM,f,N,NO,N,NO,X,NOT APPLICABLE,N,NO,,N,NO,N,NO,N,NO,N,NO,X,NOT APPLICABLE,,,,,,,,NONE,NONE,,,,,N,N,,,N,NO,N,NO - SERVICE WHERE PBA IS NOT USED.,,,,,N,NO,X,NOT APPLICABLE,f,f,f,f,f,f,f,f,f,f,f,f,f,f,f,f,f,f,f,OTHER THAN SMALL BUSINESS,O,f,f,f,f,f,f,f,t,f,t,f,f,f,f,f,f,f,,f,f,f,f,f,f,t,f,f,f,f,f,f,f,f,f,f,t,f,f,f,f,f,f,f,f,f,f,f,f,f,f,f,f,f,f,f,f,f,f,f,f,f,f,f,f,f,f,f,f,,,,,,,,,,,https://www.usaspending.gov/award/CONT_AWD_HSSS0116P0008_7009_-NONE-_-NONE-/,2015-11-10
CONT_AWD_HSSS0115P0060_7009_-NONE-_-NONE-,HSSS0115P0060,,,,,,,,,9200.16,9200.16,9200.16,2014-12-23,2015,2014-12-23,2015,2014-12-23,2015-09-30,2015-09-30 00:00:00,,,070,Department of Homeland Security,7009,U.S. Secret Service,SS001,U.S. SECRET SERVICE,070,Department of Homeland Security,7009,U.S. Secret Service,SS001,U.S. SECRET SERVICE,,,,,X,NOT APPLICABLE,,,GME4X8P8JD74,,COUNTY OF SANTA CLARA,"SANTA CLARA, COUNTY OF",,,JN6JQKW5G6G6,,"SANTA CLARA, COUNTY OF",COUNTY OF SANTA CLARA,USA,UNITED STATES,1555 BERGER DR BLDG 2,,SAN JOSE,SANTA CLARA,CA,CALIFORNIA,951122716,17,4089187005,4082866289,USA,UNITED STATES,SAN JOSE,SANTA CLARA,CA,CALIFORNIA,951133006,19,AWARD,B,PURCHASE ORDER,,,,,,,J,FIRM FIXED PRICE,IGF::OT::IGF - CALIFORNIA LAW ENFORCEMENT TELECOMMUNICATIONS SERVICE (CLETS),,1,OT,OTHER FUNCTIONS,D309,IT AND TELECOM- INFORMATION AND DATA BROADCASTING OR DATA DISTRIBUTION,D,NOT A BUNDLED REQUIREMENT,,,922190,"OTHER JUSTICE, PUBLIC ORDER, AND SAFETY ACTIVITIES",C,NO CLAUSES INCLUDED AND NO SUSTAINABILITY INCLUDED,A,U.S. OWNED BUSINESS,,,,,E,NOT REQUIRED,USA,UNITED STATES,C,NOT A MANUFACTURED END PRODUCT,B,PLAN NOT REQUIRED,G,NOT COMPETED UNDER SAP,SP1,SIMPLIFIED ACQUISITION,NONE,NO SET ASIDE USED.,NONE,NO PREFERENCE USED,,,,,SP2,SAP NON-COMPETITION (FAR 13),1,A,COMMERCIAL ITEM,f,N,NO,N,NO,X,NOT APPLICABLE,N,NO,,N,NO,X,NOT APPLICABLE,X,NOT APPLICABLE,X,NOT APPLICABLE,X,NOT APPLICABLE,,,,,,,,NONE,NONE,,,,,N,N,,,N,NO,N,NO - SERVICE WHERE PBA IS NOT USED.,,,,,N,NO,X,NOT APPLICABLE,f,f,f,f,f,f,f,f,f,f,f,f,f,f,f,f,f,f,f,OTHER THAN SMALL BUSINESS,O,f,f,f,f,f,f,f,t,f,t,f,f,f,f,f,f,f,US GOVERNMENT ENTITY,f,f,f,f,f,f,t,f,f,f,f,f,f,f,f,f,t,f,f,f,f,f,f,f,f,f,f,f,f,f,f,f,f,f,f,f,f,f,f,f,f,f,f,f,f,f,f,f,f,f,,,,,,,,,,,https://www.usaspending.gov/award/CONT_AWD_HSSS0115P0060_7009_-NONE-_-NONE-/,2023-04-07
CONT_AWD_HSSS0114P0008_7009_-NONE-_-NONE-,HSSS0114P0008,,,,,,,,,8363.76,8363.76,8363.76,2013-12-02,2014,2013-12-02,2014,2013-12-02,2014-09-30,2014-09-30 00:00:00,,,070,Department of Homeland Security,7009,U.S. Secret Service,SS001,U.S. SECRET SERVICE,070,Department of Homeland Security,7009,U.S. Secret Service,SS001,U.S. SECRET SERVICE,,,,,X,NOT APPLICABLE,,,GME4X8P8JD74,,COUNTY OF SANTA CLARA,"SANTA CLARA, COUNTY OF",,,JN6JQKW5G6G6,,"SANTA CLARA, COUNTY OF",COUNTY OF SANTA CLARA,USA,UNITED STATES,1555 BERGER DR BLDG 2,,SAN JOSE,SANTA CLARA,CA,CALIFORNIA,951122716,17,4089187005,4082866289,USA,UNITED STATES,SAN JOSE,SANTA CLARA,CA,CALIFORNIA,951133006,19,AWARD,B,PURCHASE ORDER,,,,,,,J,FIRM FIXED PRICE,IGF::OT::IGF (CLETS LINE),,1,OT,OTHER FUNCTIONS,R612,SUPPORT- ADMINISTRATIVE: INFORMATION RETRIEVAL,D,NOT A BUNDLED REQUIREMENT,,,519190,ALL OTHER INFORMATION SERVICES,C,NO CLAUSES INCLUDED AND NO SUSTAINABILITY INCLUDED,B,OTHER U.S. ENTITY (E.G. GOVERNMENT),,,,,E,NOT REQUIRED,USA,UNITED STATES,C,NOT A MANUFACTURED END PRODUCT,B,PLAN NOT REQUIRED,G,NOT COMPETED UNDER SAP,SP1,SIMPLIFIED ACQUISITION,NONE,NO SET ASIDE USED.,NONE,NO PREFERENCE USED,,,,,SP2,SAP NON-COMPETITION (FAR 13),1,A,COMMERCIAL ITEM,f,N,NO,N,NO,X,NOT APPLICABLE,N,NO,,N,NO,X,NOT APPLICABLE,X,NOT APPLICABLE,X,NOT APPLICABLE,X,NOT APPLICABLE,,,,,,,NONE,NONE,NONE,,,,,N,N,,,N,NO,N,NO - SERVICE WHERE PBA IS NOT USED.,,,Z,NOT APPLICABLE,N,NO,X,NOT APPLICABLE,f,f,f,f,f,f,f,f,f,f,f,f,f,f,f,f,f,f,f,OTHER THAN SMALL BUSINESS,O,f,f,f,f,f,f,f,t,f,t,f,f,f,f,f,f,f,US GOVERNMENT ENTITY,f,f,f,f,f,f,t,f,f,f,f,f,f,f,f,f,t,f,f,f,f,f,f,f,f,f,f,f,f,f,f,f,f,f,f,f,f,f,f,f,f,f,f,f,f,f,f,f,f,f,,,,,,,,,,,https://www.usaspending.gov/award/CONT_AWD_HSSS0114P0008_7009_-NONE-_-NONE-/,2023-04-10
CONT_AWD_HSSCCG16C00002_7003_-NONE-_-NONE-,HSSCCG16C00002,,,,"9: DEFC of '9' Indicates that the data for this row is not related to a COVID-19 P.L. (not DEFC = L, M, N, O, P, U, or V);Q: Excluded from tracking (uses non-emergency/non-disaster designated appropriations)",,,,,199381.32,202947.32,206730.32,2015-10-01,2016,2020-07-20,2020,2015-10-01,2020-09-30,2020-09-30 00:00:00,,,070,Department of Homeland Security,7003,U.S. Citizenship and Immigration Services,70SBUR,USCIS CONTRACTING OFFICE(ERBUR),070,Department of Homeland Security,7003,U.S. Citizenship and Immigration Services,70SC1S,US CITIZENSHIP&IMMIGRATION SVCS,070-X-5088-000,070-5088,23.2: Rental payments to others,OPTN: FIELD IS OPTIONAL PRIOR TO FY21,X,NOT APPLICABLE,,,QX5GFHKEN799,606218605,"CAMPBELL, CITY OF","CAMPBELL, CITY OF",,46DP4,EXUHK9EE7MK5,004952453,"CAMPBELL, CITY OF",CITY OF CAMPBELL,USA,UNITED STATES,1 W CAMPBELL AVE STE C32,,CAMPBELL,SANTA CLARA,CA,CALIFORNIA,950081004,18,4088662797,4083746965,USA,UNITED STATES,SANTA CLARA,SANTA CLARA,CA,CALIFORNIA,950502001,17,AWARD,D,DEFINITIVE CONTRACT,,,,,,,J,FIRM FIXED PRICE,IGF::OT::IGF NATZ CEREMONIES,HSSCCG16Q00009,1,OT,OTHER FUNCTIONS,X1AB,LEASE/RENTAL OF CONFERENCE SPACE AND FACILITIES,D,NOT A BUNDLED REQUIREMENT,,,711310,"PROMOTERS OF PERFORMING ARTS, SPORTS, AND SIMILAR EVENTS WITH FACILITIES",C,NO CLAUSES INCLUDED AND NO SUSTAINABILITY INCLUDED,B,OTHER U.S. ENTITY (E.G. GOVERNMENT),,,,,E,NOT REQUIRED,USA,UNITED STATES,C,NOT A MANUFACTURED END PRODUCT,B,PLAN NOT REQUIRED,F,COMPETED UNDER SAP,SP1,SIMPLIFIED ACQUISITION,NONE,NO SET ASIDE USED.,NONE,NO PREFERENCE USED,,,,,,,1,A,COMMERCIAL ITEM,f,Y,YES,N,NO,Y,YES,N,NO,0.00,Y,YES,N,NO,N,NO,N,NO,X,NOT APPLICABLE,,,,,,,,NONE,NONE,N,NO,X,NOT APPLICABLE EXEMPT FROM CAS,N,N,,,N,NO,N,NO - SERVICE WHERE PBA IS NOT USED.,N,NO,,,N,NO,X,NOT APPLICABLE,f,f,f,f,f,f,f,f,f,f,f,f,f,f,f,f,f,f,f,OTHER THAN SMALL BUSINESS,O,f,f,f,f,f,f,f,t,t,f,f,f,f,f,f,f,f,US GOVERNMENT ENTITY,f,f,f,f,f,f,t,f,f,f,f,f,f,f,f,f,f,t,f,f,f,f,f,f,f,f,f,f,f,f,f,f,f,f,f,f,f,f,f,f,f,f,f,f,f,f,f,f,f,f,,,,,,,,,,,https://www.usaspending.gov/award/CONT_AWD_HSSCCG16C00002_7003_-NONE-_-NONE-/,2020-07-20
CONT_AWD_HSSCCG11C00004_7003_-NONE-_-NONE-,HSSCCG11C00004,,,,,,,,,198339.00,,,2010-10-05,2011,2016-02-23,2016,2010-10-05,2015-09-30,2015-09-30 00:00:00,,,070,Department of Homeland Security,7003,U.S. Citizenship and Immigration Services,ERBUR,USCIS CONTRACTING OFFICE,070,Department of Homeland Security,7003,U.S. Citizenship and Immigration Services,ERBUR,USCIS CONTRACTING OFFICE,,,,,X,NOT APPLICABLE,,,QX5GFHKEN799,606218605,"CAMPBELL, CITY OF","CAMPBELL, CITY OF",,,EXUHK9EE7MK5,004952453,"CAMPBELL, CITY OF",CITY OF CAMPBELL,USA,UNITED STATES,1 W CAMPBELL AVE STE C32,,CAMPBELL,SANTA CLARA,CA,CALIFORNIA,950081004,18,4088662797,4083746965,USA,UNITED STATES,CAMPBELL,SANTA CLARA,CA,CALIFORNIA,950081004,18,AWARD,D,DEFINITIVE CONTRACT,,,,,,,J,FIRM FIXED PRICE,NATURALIZATION CEREMONIES,HSSCCG-11-Q-00036,1,,,X162,LEASE-RENT OF RECREATIONAL BLDGS,D,NOT A BUNDLED REQUIREMENT,,,711310,"PROMOTERS OF PERFORMING ARTS, SPORTS, AND SIMILAR EVENTS WITH FACILITIES",C,NO CLAUSES INCLUDED AND NO SUSTAINABILITY INCLUDED,B,OTHER U.S. ENTITY (E.G. GOVERNMENT),,,,,E,NOT REQUIRED,USA,UNITED STATES,C,NOT A MANUFACTURED END PRODUCT,B,PLAN NOT REQUIRED,A,FULL AND OPEN COMPETITION,NP,NEGOTIATED PROPOSAL/QUOTE,NONE,NO SET ASIDE USED.,NONE,NO PREFERENCE USED,,,,,,,1,A,COMMERCIAL ITEM,f,N,NO,N,NO,Y,YES,N,NO,0.00,N,NO,X,NOT APPLICABLE,X,NOT APPLICABLE,X,NOT APPLICABLE,X,NOT APPLICABLE,,,,,,,,NONE,NONE,,,X,NOT APPLICABLE EXEMPT FROM CAS,N,N,,,N,NO,N,NO - SERVICE WHERE PBA IS NOT USED.,N,NO,,,N,NO,X,NOT APPLICABLE,f,f,f,f,f,f,f,f,f,f,f,f,f,f,f,f,f,f,f,OTHER THAN SMALL BUSINESS,O,f,f,f,f,f,f,f,t,t,f,f,f,f,f,f,f,f,,f,f,f,f,f,f,t,f,f,f,f,f,f,f,f,t,f,f,f,f,f,f,f,f,f,f,f,f,f,f,f,f,f,f,f,f,f,f,f,f,f,f,f,f,f,f,f,f,f,f,,,,,,,,,,,https://www.usaspending.gov/award/CONT_AWD_HSSCCG11C00004_7003_-NONE-_-NONE-/,2016-02-25
CONT_AWD_HSSCCG10P00087_7003_-NONE-_-NONE-,HSSCCG10P00087,,,,,,,,,32780.00,,,2009-10-21,2010,2012-01-26,2012,2009-10-21,2010-09-30,2010-09-30 00:00:00,,,070,Department of Homeland Security,7003,U.S. Citizenship and Immigration Services,ERBUR,USCIS CONTRACTING OFFICE,070,Department of Homeland Security,7003,U.S. Citizenship and Immigration Services,ERBUR,USCIS CONTRACTING OFFICE,,,,,,NOT APPLICABLE,,NAN,QX5GFHKEN799,606218605,"CAMPBELL, CITY OF","CAMPBELL, CITY OF",,,EXUHK9EE7MK5,004952453,"CAMPBELL, CITY OF",CITY OF CAMPBELL,UNITED STATES,,1 W CAMPBELL AVE STE C32,,CAMPBELL,,CA,,950081004,15,4088662797,4083746965,USA,UNITED STATES,CAMPBELL,SANTA CLARA,CA,CALIFORNIA,950081004,15,AWARD,B,PO,,,,,,NAN,J,FIRM FIXED PRICE,RENTAL SPACE,,1,,,X191,LEASE-RENT OF EXHIBITION BUILDINGS,D,NOT A BUNDLED REQUIREMENT,,,711310,"PROMOTERS OF PERFORMING ARTS, SPORTS, AND SIMILAR EVENTS WITH FACILITIES",C,NO CLAUSES INCLUDED AND NO SUSTAINABILITY INCLU,A,U.S. OWNED BUSINESS,,,,,E,NOT REQUIRED,USA,,C,NOT A MANUFACTURED END PRODUCT,B,PLAN NOT REQUIRED,F,COMPETED UNDER SAP,SP1,SIMPLIFIED ACQUISITION,NONE,NO SET ASIDE USED.,NONE,NO PREFERENCE USED,,NAN,,NAN,,,1,A,,f,N,NO,NO,,Y,YES,N,,,N: NO,,X,NOT APPLICABLE,Y,YES,X,NOT APPLICABLE,X,NOT APPLICABLE,,,,,,,,NONE,NONE,,,,NAN,N,N,,,N,NO,N,NO - SERVICE WHERE PBA IS NOT USED.,,,,,N,NO,X,NOT APPLICABLE,f,f,f,f,f,f,f,f,f,f,f,f,f,f,f,f,f,f,f,OTHER THAN SMALL BUSINESS,O,f,f,f,f,f,f,f,f,t,f,f,f,t,f,f,f,f,,f,f,f,f,f,f,f,f,f,f,f,f,f,f,f,t,f,f,f,f,f,f,f,f,f,f,f,f,f,f,f,f,f,f,f,f,f,f,f,f,f,f,f,f,f,f,f,f,f,f,,,,,,,,,,,https://www.usaspending.gov/award/CONT_AWD_HSSCCG10P00087_7003_-NONE-_-NONE-/,2012-07-02
CONT_AWD_HSSCCG09P00028_7003_-NONE-_-NONE-,HSSCCG09P00028,,,,,,,,,30050.00,,,2008-10-01,2009,2013-05-13,2013,2008-10-01,2009-09-30,2009-09-30 00:00:00,,,070,Department of Homeland Security,7003,U.S. Citizenship and Immigration Services,ERBUR,USCIS CONTRACTING OFFICE,070,Department of Homeland Security,7003,U.S. Citizenship and Immigration Services,ERBUR,USCIS CONTRACTING OFFICE,,,,,,NOT APPLICABLE,,NAN,QX5GFHKEN799,606218605,"CAMPBELL, CITY OF","CAMPBELL, CITY OF",,,EXUHK9EE7MK5,004952453,"CAMPBELL, CITY OF",CITY OF CAMPBELL,UNITED STATES,,1 W CAMPBELL AVE,,CAMPBELL,,CA,,950081004,18,,,USA,UNITED STATES,CAMPBELL,SANTA CLARA,CA,CALIFORNIA,950081039,18,AWARD,B,PO,,,,,,NAN,J,FIRM FIXED PRICE,DUNS# 606218605+0000 TAX ID #: 94-6003997 ACCOUNTING# 17-40-0500-00-00-00-00-50-01-00-EX-FMDF000-006 GE2514,,1,,,X111,LEASE/RENTAL OF OFFICE BUILDINGS,,,,,712120,HISTORICAL SITES,C,NO CLAUSES INCLUDED AND NO SUSTAINABILITY INCLU,A,U.S. OWNED BUSINESS,,,,,E,NOT REQUIRED,USA,,,,,,A,FULL AND OPEN COMPETITION,SP1,SIMPLIFIED ACQUISITION,NONE,NO SET ASIDE USED.,NONE,NO PREFERENCE USED,,NAN,,NAN,,,1,D,,f,N,NO,NO,,X,NOT APPLICABLE,N,,,N: NO,,X,NOT APPLICABLE,N,NO,X,NOT APPLICABLE,X,NOT APPLICABLE,,,,,,,,NONE,NONE,,,X,NOT APPLICABLE EXEMPT FROM CAS,N,N,,,N,NO,N,NO - SERVICE WHERE PBA IS NOT USED.,N,NO,,,N,NO,X,NOT APPLICABLE,f,f,f,f,f,f,f,f,f,f,f,f,f,f,f,f,f,f,f,SMALL BUSINESS,S,f,f,f,f,f,f,f,f,t,f,f,f,t,f,f,f,f,,f,f,f,f,f,f,f,f,f,f,f,f,f,f,f,t,f,f,f,f,f,f,f,f,f,f,f,f,f,f,f,f,f,f,f,f,f,f,f,f,f,f,f,f,f,f,f,f,f,f,,,,,,,,,,,https://www.usaspending.gov/award/CONT_AWD_HSSCCG09P00028_7003_-NONE-_-NONE-/,2013-10-14
CONT_AWD_HSFEEM06P5518_7022_-NONE-_-NONE-,HSFEEM06P5518,,,,,,,,,249950.00,,,2005-11-10,2006,2016-08-17,2016,2005-09-02,2016-08-17,2016-08-17 00:00:00,,,070,Department of Homeland Security,7022,Federal Emergency Management Agency,70FH10,FEMA,070,Department of Homeland Security,7022,Federal Emergency Management Agency,70FH10,FEMA,,,,,X,NOT APPLICABLE,,,QUA4AULJ8FM3,063541874,"SAN JOSE, CITY OF",CITY OF SAN JOSE (0419),,,QUA4AULJ8FM3,063541874,"SAN JOSE, CITY OF",CITY OF SAN JOSE,USA,UNITED STATES,200 E. SANTA CLARA ST,,SAN JOSE,SANTA CLARA,CA,CALIFORNIA,951131905,19,,,USA,UNITED STATES,SAN JOSE,SANTA CLARA,CA,CALIFORNIA,951132005,19,AWARD,B,PURCHASE ORDER,,,,,,,J,FIRM FIXED PRICE,COMMUNITY RELATIONS FIREFIGHTER'S,,1,,,G099,SOCIAL- OTHER,,,,,624230,EMERGENCY AND OTHER RELIEF SERVICES,C,NO CLAUSES INCLUDED AND NO SUSTAINABILITY INCLUDED,,,,,,,E,NOT REQUIRED,USA,UNITED STATES,,,,,C,NOT COMPETED,SP1,SIMPLIFIED ACQUISITION,NONE,NO SET ASIDE USED.,NONE,NO PREFERENCE USED,,,,,ONE,ONLY ONE SOURCE - OTHER,1,D,COMMERCIAL ITEM PROCEDURES NOT USED,f,N,NO,N,NO,X,NOT APPLICABLE,,,,N,NO,X,NOT APPLICABLE,N,NO,X,NOT APPLICABLE,X,NOT APPLICABLE,,,,,,,HURRICANE KATRINA RECOVERY EFFORT,NONE,NONE,,,X,NOT APPLICABLE EXEMPT FROM CAS,N,N,,,N,NO,N,NO - SERVICE WHERE PBA IS NOT USED.,N,NO,,,N,NO,X,NOT APPLICABLE,f,f,f,f,f,f,f,f,f,f,f,f,f,f,f,f,f,f,f,OTHER THAN SMALL BUSINESS,O,f,f,f,f,f,f,f,t,f,f,f,f,f,f,f,f,f,,f,f,f,f,f,f,f,f,f,f,f,f,f,f,f,f,f,f,f,f,f,f,f,f,f,f,f,f,f,f,f,f,f,f,f,f,f,f,f,f,f,f,f,f,f,f,f,f,f,f,,,,,,,,,,,https://www.usaspending.gov/award/CONT_AWD_HSFEEM06P5518_7022_-NONE-_-NONE-/,2016-08-19
CONT_AWD_HSCEOP07P00136_7012_-NONE-_-NONE-,HSCEOP07P00136,,,,,,,,,7746.24,,,2006-09-14,2006,2017-05-31,2017,2006-09-14,2010-06-30,2010-06-30 00:00:00,,,070,Department of Homeland Security,7012,U.S. Immigration and Customs Enforcement,70CMSD,MISSION SUPPORT DALLAS,070,Department of Homeland Security,7055,Office of the Chief Procurement Officer,70QXXX,DHS CLOSEOUT INITIATIVE,,,,,X,NOT APPLICABLE,,,D4H1R5SJBT61,106885499,"SANTA CLARA, COUNTY OF",COUNTY OF SANTA CLARA (0533),,,JN6JQKW5G6G6,069118289,"SANTA CLARA, COUNTY OF",COUNTY OF SANTA CLARA,USA,UNITED STATES,1555 BERGER DR STE 300,,SAN JOSE,SANTA CLARA,CA,CALIFORNIA,951122716,17,,,USA,UNITED STATES,SAN JOSE,SANTA CLARA,CA,CALIFORNIA,951126117,19,AWARD,B,PURCHASE ORDER,,,,,,,3,OTHER (APPLIES TO AWARDS WHERE NONE OF THE ABOVE APPLY),,,1,,,R426,SUPPORT- PROFESSIONAL: COMMUNICATIONS,,,,,,,,,,,,,,,,,,,,,,,C,NOT COMPETED,SP1,SIMPLIFIED ACQUISITION,NONE,NO SET ASIDE USED.,NONE,NO PREFERENCE USED,,,,,ONE,ONLY ONE SOURCE - OTHER,0,D,COMMERCIAL ITEM PROCEDURES NOT USED,f,N,NO,N,NO,X,NOT APPLICABLE,,,,N,NO,X,NOT APPLICABLE,X,NOT APPLICABLE,X,NOT APPLICABLE,X,NOT APPLICABLE,,,,,,,,NONE,NONE,,,X,NOT APPLICABLE EXEMPT FROM CAS,N,N,,,N,NO,N,NO - SERVICE WHERE PBA IS NOT USED.,N,NO,,,N,NO,X,NOT APPLICABLE,f,f,f,f,f,f,f,f,f,f,f,f,f,f,f,f,f,f,f,OTHER THAN SMALL BUSINESS,O,f,f,f,f,f,f,f,t,f,f,f,f,f,f,f,f,f,,f,f,f,f,f,f,f,f,f,f,f,f,f,f,f,f,f,f,f,f,f,f,f,f,f,f,f,f,f,f,f,f,f,f,f,f,f,f,f,f,f,f,f,f,f,f,f,f,f,f,,,,,,,,,,,https://www.usaspending.gov/award/CONT_AWD_HSCEOP07P00136_7012_-NONE-_-NONE-/,2017-07-28
CONT_AWD_HSCEOP06P01157_7012_-NONE-_-NONE-,HSCEOP06P01157,,,,,,,,,318.00,,,2006-01-19,2006,2017-05-31,2017,2006-01-19,2006-09-30,2006-09-30 00:00:00,,,070,Department of Homeland Security,7012,U.S. Immigration and Customs Enforcement,70CMSD,MISSION SUPPORT DALLAS,070,Department of Homeland Security,7055,Office of the Chief Procurement Officer,70QXXX,DHS CLOSEOUT INITIATIVE,,,,,X,NOT APPLICABLE,,,D4H1R5SJBT61,106885499,"SANTA CLARA, COUNTY OF",SCC DEH,ENVIRONMENTAL HEALTH DEPT,,JN6JQKW5G6G6,069118289,"SANTA CLARA, COUNTY OF",COUNTY OF SANTA CLARA,USA,UNITED STATES,1555 BERGER DR STE 300,,SAN JOSE,SANTA CLARA,CA,CALIFORNIA,951122716,17,,,USA,UNITED STATES,SAN JOSE,SANTA CLARA,CA,CALIFORNIA,951122716,17,AWARD,B,PURCHASE ORDER,,,,,,,J,FIRM FIXED PRICE,ACCESS TO CJIC,,1,,,R426,SUPPORT- PROFESSIONAL: COMMUNICATIONS,,,,,,,,,,,,,E,COMMERCIAL SERVICE,E,NOT REQUIRED,USA,UNITED STATES,,,,,C,NOT COMPETED,SP1,SIMPLIFIED ACQUISITION,NONE,NO SET ASIDE USED.,NONE,NO PREFERENCE USED,,,,,ONE,ONLY ONE SOURCE - OTHER,1,A,COMMERCIAL ITEM,f,N,NO,N,NO,X,NOT APPLICABLE,,,,N,NO,X,NOT APPLICABLE,X,NOT APPLICABLE,X,NOT APPLICABLE,X,NOT APPLICABLE,,,,,,,,NONE,NONE,,,X,NOT APPLICABLE EXEMPT FROM CAS,N,N,,,N,NO,N,NO - SERVICE WHERE PBA IS NOT USED.,N,NO,,,N,NO,X,NOT APPLICABLE,f,f,f,f,f,f,f,f,f,f,f,f,f,f,f,f,f,f,f,OTHER THAN SMALL BUSINESS,O,f,f,f,f,f,f,f,t,f,f,f,f,f,f,f,f,f,,f,f,f,f,f,f,f,f,f,f,f,f,f,f,f,f,f,f,f,f,f,f,f,f,f,f,f,f,f,f,f,f,f,f,f,f,f,f,f,f,f,f,f,f,f,f,f,f,f,f,,,,,,,,,,,https://www.usaspending.gov/award/CONT_AWD_HSCEOP06P01157_7012_-NONE-_-NONE-/,2017-07-30
CONT_AWD_HSCEMD11P00073_7012_-NONE-_-NONE-,HSCEMD11P00073,,,,,,,,,72000.00,,,2011-05-02,2011,2013-11-15,2014,2011-05-02,2013-10-16,2013-10-16 00:00:00,,,070,Department of Homeland Security,7012,U.S. Immigration and Customs Enforcement,ACD00,MISSION SUPPORT DALLAS,070,Department of Homeland Security,7012,U.S. Immigration and Customs Enforcement,ACD00,MISSION SUPPORT DALLAS,,,,,,NOT APPLICABLE,,NAN,QUA4AULJ8FM3,063541874,"SAN JOSE, CITY OF","SAN JOSE, CITY OF",,,QUA4AULJ8FM3,063541874,"SAN JOSE, CITY OF",CITY OF SAN JOSE,UNITED STATES,,200 E SANTA CLARA ST 13TH FL,,SAN JOSE,,CA,,951131903,19,4085357021,4082926482,USA,UNITED STATES,SAN JOSE,SANTA CLARA,CA,CALIFORNIA,951131903,19,AWARD,B,PO,,,,,,NAN,J,FIRM FIXED PRICE,PARKING SPACES FOR GOV'S,,1,,,X224,LEASE-RENT OF PARKING FACILITIES,D,NOT A BUNDLED REQUIREMENT,,,812930,PARKING LOTS AND GARAGES,C,NO CLAUSES INCLUDED AND NO SUSTAINABILITY INCLU,A,U.S. OWNED BUSINESS,,,,,E,NOT REQUIRED,USA,,C,NOT A MANUFACTURED END PRODUCT,B,PLAN NOT REQUIRED,C,NOT COMPETED,SSS,ONLY ONE SOURCE,NONE,NO SET ASIDE USED.,NONE,NO PREFERENCE USED,,NAN,,NAN,FOC,FOLLOW-ON CONTRACT,1,A,,f,N,NO,NO,,N,NO,N,,,N: NO,,X,NOT APPLICABLE,X,NOT APPLICABLE,X,NOT APPLICABLE,X,NOT APPLICABLE,,,,,,,,NONE,NONE,,,,NAN,N,N,,,N,NO,N,NO - SERVICE WHERE PBA IS NOT USED.,,,,,N,NO,X,NOT APPLICABLE,f,f,f,f,f,f,f,f,f,f,f,f,f,f,f,f,f,f,f,OTHER THAN SMALL BUSINESS,O,f,f,f,f,f,f,f,f,t,f,f,f,t,f,f,f,f,,f,f,f,f,f,f,f,f,f,f,f,f,f,f,f,f,t,f,f,f,f,f,f,f,f,f,f,f,f,f,f,f,f,f,f,f,f,f,f,f,f,f,f,f,f,f,f,f,f,f,,,,,,,,,,,https://www.usaspending.gov/award/CONT_AWD_HSCEMD11P00073_7012_-NONE-_-NONE-/,2013-11-18
CONT_AWD_HSCEMD10P00168_7012_-NONE-_-NONE-,HSCEMD10P00168,,,,,,,,,36000.00,,,2010-05-10,2010,2017-05-31,2017,2010-05-10,2011-06-30,2011-06-30 00:00:00,,,070,Department of Homeland Security,7012,U.S. Immigration and Customs Enforcement,70CMSD,MISSION SUPPORT DALLAS,070,Department of Homeland Security,7055,Office of the Chief Procurement Officer,70QXXX,DHS CLOSEOUT INITIATIVE,,,,,X,NOT APPLICABLE,,,QUA4AULJ8FM3,063541874,"SAN JOSE, CITY OF","SAN JOSE, CITY OF",,,QUA4AULJ8FM3,063541874,"SAN JOSE, CITY OF",CITY OF SAN JOSE,USA,UNITED STATES,200 E SANTA CLARA ST,,SAN JOSE,SANTA CLARA,CA,CALIFORNIA,951131903,19,4085357021,4082926482,USA,UNITED STATES,SAN JOSE,SANTA CLARA,CA,CALIFORNIA,951131903,19,AWARD,B,PURCHASE ORDER,,,,,,,J,FIRM FIXED PRICE,PARKING SPACES,,1,,,X224,LEASE-RENT OF PARKING FACILITIES,D,NOT A BUNDLED REQUIREMENT,,,812930,PARKING LOTS AND GARAGES,C,NO CLAUSES INCLUDED AND NO SUSTAINABILITY INCLUDED,A,U.S. OWNED BUSINESS,,,,,E,NOT REQUIRED,USA,UNITED STATES,C,NOT A MANUFACTURED END PRODUCT,B,PLAN NOT REQUIRED,C,NOT COMPETED,SSS,ONLY ONE SOURCE,NONE,NO SET ASIDE USED.,NONE,NO PREFERENCE USED,,,,,FOC,FOLLOW-ON CONTRACT,1,A,COMMERCIAL ITEM,f,N,NO,N,NO,N,NO,N,NO,,N,NO,X,NOT APPLICABLE,X,NOT APPLICABLE,X,NOT APPLICABLE,X,NOT APPLICABLE,,,,,,,,NONE,NONE,,,,,N,N,,,N,NO,Y,YES - SERVICE WHERE PBA IS USED.,,,,,N,NO,X,NOT APPLICABLE,f,f,f,f,f,f,f,f,f,f,f,f,f,f,f,f,f,f,f,OTHER THAN SMALL BUSINESS,O,f,f,f,f,f,f,f,t,t,f,f,f,f,f,f,f,f,,f,f,f,f,f,f,t,f,f,f,f,f,f,f,f,f,t,f,f,f,f,f,f,f,f,f,f,f,f,f,f,f,f,f,f,f,f,f,f,f,f,f,f,f,f,f,f,f,f,f,,,,,,,,,,,https://www.usaspending.gov/award/CONT_AWD_HSCEMD10P00168_7012_-NONE-_-NONE-/,2017-07-29
CONT_AWD_HSCECR12P00049_7012_-NONE-_-NONE-,HSCECR12P00049,,,,,,,,,2200.00,,,2012-08-13,2012,2017-05-31,2017,2012-08-13,2013-06-30,2013-06-30 00:00:00,,,070,Department of Homeland Security,7012,U.S. Immigration and Customs Enforcement,70CDCR,DETENTION COMPLIANCE AND REMOVALS,070,Department of Homeland Security,7055,Office of the Chief Procurement Officer,70QXXX,DHS CLOSEOUT INITIATIVE,,,,,X,NOT APPLICABLE,,,GME4X8P8JD74,160530572,COUNTY OF SANTA CLARA,"SANTA CLARA, COUNTY OF",,,JN6JQKW5G6G6,069118289,"SANTA CLARA, COUNTY OF",COUNTY OF SANTA CLARA,USA,UNITED STATES,1555 BERGER DR BLDG 2,,SAN JOSE,SANTA CLARA,CA,CALIFORNIA,951122716,17,4089187031,4082866289,USA,UNITED STATES,SAN JOSE,SANTA CLARA,CA,CALIFORNIA,951122716,17,AWARD,B,PURCHASE ORDER,,,,,,,J,FIRM FIXED PRICE,"RENEWAL OF HSCECR11P00075 THAT EXPIRES AUG 31, 2012.  SLETS ACCESS CHARGE TO PERFORM LAW ENFORCEMENT INVESTIGATIVE RESEARCH FOR DRO SAN JOSE SUB-OFFICE.",,1,,,R612,SUPPORT- ADMINISTRATIVE: INFORMATION RETRIEVAL,D,NOT A BUNDLED REQUIREMENT,,,518210,"DATA PROCESSING, HOSTING, AND RELATED SERVICES",C,NO CLAUSES INCLUDED AND NO SUSTAINABILITY INCLUDED,B,OTHER U.S. ENTITY (E.G. GOVERNMENT),,,,,E,NOT REQUIRED,USA,UNITED STATES,C,NOT A MANUFACTURED END PRODUCT,B,PLAN NOT REQUIRED,G,NOT COMPETED UNDER SAP,SP1,SIMPLIFIED ACQUISITION,NONE,NO SET ASIDE USED.,NONE,NO PREFERENCE USED,,,,,SP2,SAP NON-COMPETITION,1,D,COMMERCIAL ITEM PROCEDURES NOT USED,f,N,NO,N,NO,N,NO,N,NO,,N,NO,N,NO,N,NO,N,NO,X,NOT APPLICABLE,,,,,,,,NONE,NONE,,,,,N,N,,,N,NO,N,NO - SERVICE WHERE PBA IS NOT USED.,,,Z,NOT APPLICABLE,N,NO,X,NOT APPLICABLE,f,f,f,f,f,f,f,f,f,f,f,f,f,f,f,f,f,f,f,OTHER THAN SMALL BUSINESS,O,f,f,f,f,f,f,f,t,f,t,f,f,f,f,f,f,f,,f,f,f,f,f,f,t,f,f,f,f,f,f,f,f,f,f,t,f,f,f,f,f,f,f,f,f,f,f,f,f,f,f,f,f,f,f,f,f,f,f,f,f,f,f,f,f,f,f,f,,,,,,,,,,,https://www.usaspending.gov/award/CONT_AWD_HSCECR12P00049_7012_-NONE-_-NONE-/,2017-07-29
CONT_AWD_HSCECR11P00075_7012_-NONE-_-NONE-,HSCECR11P00075,,,,,,,,,2072.01,,,2011-08-29,2011,2017-05-31,2017,2011-08-29,2012-08-31,2012-08-31 00:00:00,,,070,Department of Homeland Security,7012,U.S. Immigration and Customs Enforcement,70CDCR,DETENTION COMPLIANCE AND REMOVALS,070,Department of Homeland Security,7055,Office of the Chief Procurement Officer,70QXXX,DHS CLOSEOUT INITIATIVE,,,,,X,NOT APPLICABLE,,,GME4X8P8JD74,160530572,COUNTY OF SANTA CLARA,"SANTA CLARA, COUNTY OF",,,JN6JQKW5G6G6,069118289,"SANTA CLARA, COUNTY OF",COUNTY OF SANTA CLARA,USA,UNITED STATES,1555 BERGER DR BLDG 2,,SAN JOSE,SANTA CLARA,CA,CALIFORNIA,951122716,17,4089187031,4082866289,USA,UNITED STATES,SAN JOSE,SANTA CLARA,CA,CALIFORNIA,951101712,19,AWARD,B,PURCHASE ORDER,,,,,,,J,FIRM FIXED PRICE,SLETS ACCESS CHARGE TO PERFORM LAW ENFORCEMENT INVESTIGATIVE RESEARCH FOR DRO SAN JOSE SUB-OFFICE.,,1,,,R612,SUPPORT- ADMINISTRATIVE: INFORMATION RETRIEVAL,D,NOT A BUNDLED REQUIREMENT,,,518210,"DATA PROCESSING, HOSTING, AND RELATED SERVICES",C,NO CLAUSES INCLUDED AND NO SUSTAINABILITY INCLUDED,B,OTHER U.S. ENTITY (E.G. GOVERNMENT),,,,,E,NOT REQUIRED,USA,UNITED STATES,C,NOT A MANUFACTURED END PRODUCT,B,PLAN NOT REQUIRED,G,NOT COMPETED UNDER SAP,SP1,SIMPLIFIED ACQUISITION,NONE,NO SET ASIDE USED.,NONE,NO PREFERENCE USED,,,,,SP2,SAP NON-COMPETITION,1,D,COMMERCIAL ITEM PROCEDURES NOT USED,f,N,NO,N,NO,N,NO,N,NO,,N,NO,N,NO,N,NO,N,NO,X,NOT APPLICABLE,,,,,,,,NONE,NONE,,,,,N,N,,,N,NO,N,NO - SERVICE WHERE PBA IS NOT USED.,,,Z,NOT APPLICABLE,N,NO,X,NOT APPLICABLE,f,f,f,f,f,f,f,f,f,f,f,f,f,f,f,f,f,f,f,OTHER THAN SMALL BUSINESS,O,f,f,f,f,f,f,f,t,f,t,f,f,f,f,f,f,f,,f,f,f,f,f,f,t,f,f,f,f,f,f,f,f,f,f,t,f,f,f,f,f,f,f,f,f,f,f,f,f,f,f,f,f,f,f,f,f,f,f,f,f,f,f,f,f,f,f,f,,,,,,,,,,,https://www.usaspending.gov/award/CONT_AWD_HSCECR11P00075_7012_-NONE-_-NONE-/,2017-07-30
CONT_AWD_HSCECR11P00053_7012_-NONE-_-NONE-,HSCECR11P00053,,,,,,,,,6926.40,6926.40,6926.40,2011-06-22,2011,2020-03-05,2020,2011-06-30,2012-06-30,2012-06-30 00:00:00,,,070,Department of Homeland Security,7012,U.S. Immigration and Customs Enforcement,70CDCR,DETENTION COMPLIANCE AND REMOVALS,070,Department of Homeland Security,7012,U.S. Immigration and Customs Enforcement,70CFSF,ENFORCMNT&REMOVL OPNS FOD SAN FRAN,,,,,X,NOT APPLICABLE,,,GME4X8P8JD74,160530572,COUNTY OF SANTA CLARA,"SANTA CLARA, COUNTY OF",,4GDF2,JN6JQKW5G6G6,069118289,"SANTA CLARA, COUNTY OF",COUNTY OF SANTA CLARA,USA,UNITED STATES,1555 BERGER DR BLDG 2,,SAN JOSE,SANTA CLARA,CA,CALIFORNIA,951122716,17,4089187031,4082866289,USA,UNITED STATES,SAN JOSE,SANTA CLARA,CA,CALIFORNIA,951101712,19,AWARD,B,PURCHASE ORDER,,,,,,,J,FIRM FIXED PRICE,RENEWAL OF HSCECR10P00128  CJIC ACCESS CHARGE TO PERFORM LAW ENFORCEMENT INVESTIGATIVE CHECKS FOR DRO SAN JOSE SUB-OFFICE.,,1,,,D307,IT AND TELECOM- IT STRATEGY AND ARCHITECTURE,D,NOT A BUNDLED REQUIREMENT,,,518210,"DATA PROCESSING, HOSTING, AND RELATED SERVICES",C,NO CLAUSES INCLUDED AND NO SUSTAINABILITY INCLUDED,B,OTHER U.S. ENTITY (E.G. GOVERNMENT),,,,,E,NOT REQUIRED,USA,UNITED STATES,C,NOT A MANUFACTURED END PRODUCT,B,PLAN NOT REQUIRED,C,NOT COMPETED,SSS,ONLY ONE SOURCE,NONE,NO SET ASIDE USED.,NONE,NO PREFERENCE USED,,,,,UNQ,UNIQUE SOURCE (FAR 6.302-1(B)(1)),1,D,COMMERCIAL ITEM PROCEDURES NOT USED,f,N,NO,N,NO,X,NOT APPLICABLE,N,NO,,N,NO,N,NO,X,NOT APPLICABLE,N,NO,X,NOT APPLICABLE,,,,,,,,NONE,NONE,,,,,N,N,,,N,NO,N,NO - SERVICE WHERE PBA IS NOT USED.,,,,,N,NO,X,NOT APPLICABLE,f,f,f,f,f,f,f,f,f,f,f,f,f,f,f,f,f,f,f,OTHER THAN SMALL BUSINESS,O,f,f,f,f,f,f,f,t,f,t,f,f,f,f,f,f,f,US GOVERNMENT ENTITY,f,f,f,f,f,f,t,f,f,f,f,f,f,f,f,f,f,t,f,f,f,f,f,f,f,f,f,f,f,f,f,f,f,f,f,f,f,f,f,f,f,f,f,f,f,f,f,f,f,f,,,,,,,,,,,https://www.usaspending.gov/award/CONT_AWD_HSCECR11P00053_7012_-NONE-_-NONE-/,2020-03-05
CONT_AWD_HSCECR09P00143_7012_-NONE-_-NONE-,HSCECR09P00143,,,,,,,,,1038.89,,,2009-09-03,2009,2017-05-31,2017,2009-09-03,2010-08-31,2010-08-31 00:00:00,,,070,Department of Homeland Security,7012,U.S. Immigration and Customs Enforcement,70CDCR,DETENTION COMPLIANCE AND REMOVALS,070,Department of Homeland Security,7055,Office of the Chief Procurement Officer,70QXXX,DHS CLOSEOUT INITIATIVE,,,,,X,NOT APPLICABLE,,,JNECJW88ML98,155922172,COUNTY OF SANTA CLARA,"SANTA CLARA, COUNTY OF",,,JN6JQKW5G6G6,069118289,"SANTA CLARA, COUNTY OF",COUNTY OF SANTA CLARA,USA,UNITED STATES,55 W YOUNGER AVE 4TH FL,,SAN JOSE,SANTA CLARA,CA,CALIFORNIA,951101712,19,4088084901,4082830562,USA,UNITED STATES,SAN JOSE,SANTA CLARA,CA,CALIFORNIA,951126117,19,AWARD,B,PURCHASE ORDER,,,,,,,J,FIRM FIXED PRICE,ACCESS TO STATE LAW ENDORCEMENT TRACKING SYSTEM (SLETS),HSCECR-09-Q-00180,1,,,D309,IT AND TELECOM- INFORMATION AND DATA BROADCASTING OR DATA DISTRIBUTION,,,,,518210,"DATA PROCESSING, HOSTING, AND RELATED SERVICES",C,NO CLAUSES INCLUDED AND NO SUSTAINABILITY INCLUDED,B,OTHER U.S. ENTITY (E.G. GOVERNMENT),,,Z,NOT IT PRODUCTS OR SERVICES,E,NOT REQUIRED,USA,UNITED STATES,C,NOT A MANUFACTURED END PRODUCT,B,PLAN NOT REQUIRED,C,NOT COMPETED,SP1,SIMPLIFIED ACQUISITION,NONE,NO SET ASIDE USED.,NONE,NO PREFERENCE USED,,,,,ONE,ONLY ONE SOURCE - OTHER,1,A,COMMERCIAL ITEM,f,N,NO,N,NO,N,NO,N,NO,,N,NO,X,NOT APPLICABLE,X,NOT APPLICABLE,X,NOT APPLICABLE,X,NOT APPLICABLE,,,,,,,,NONE,NONE,,,,,N,N,N,NO,N,NO,N,NO - SERVICE WHERE PBA IS NOT USED.,,,,,N,NO,X,NOT APPLICABLE,f,f,f,f,f,f,f,f,f,f,f,f,f,f,f,f,f,f,f,OTHER THAN SMALL BUSINESS,O,f,f,f,f,f,f,f,t,f,t,f,f,f,f,f,f,f,,f,f,f,f,f,f,t,f,f,f,f,f,f,f,f,f,t,f,f,f,f,f,f,f,f,f,f,f,f,f,f,f,f,f,f,f,f,f,f,f,f,f,f,f,f,f,f,f,f,f,,,,,,,,,,,https://www.usaspending.gov/award/CONT_AWD_HSCECR09P00143_7012_-NONE-_-NONE-/,2017-07-30
CONT_AWD_HSCECR09P00110_7012_-NONE-_-NONE-,HSCECR09P00110,,,,,,,,,5573.16,,,2009-09-01,2009,2017-05-31,2017,2009-09-01,2010-08-31,2010-08-31 00:00:00,,,070,Department of Homeland Security,7012,U.S. Immigration and Customs Enforcement,70CDCR,DETENTION COMPLIANCE AND REMOVALS,070,Department of Homeland Security,7055,Office of the Chief Procurement Officer,70QXXX,DHS CLOSEOUT INITIATIVE,,,,,X,NOT APPLICABLE,,,JNECJW88ML98,155922172,COUNTY OF SANTA CLARA,"SANTA CLARA, COUNTY OF",,,JN6JQKW5G6G6,069118289,"SANTA CLARA, COUNTY OF",COUNTY OF SANTA CLARA,USA,UNITED STATES,55 W YOUNGER AVE 4TH FL,,SAN JOSE,SANTA CLARA,CA,CALIFORNIA,951101712,19,4088084901,4082830562,USA,UNITED STATES,SAN JOSE,SANTA CLARA,CA,CALIFORNIA,951126117,19,AWARD,B,PURCHASE ORDER,,,,,,,J,FIRM FIXED PRICE,CJIC CRIMINAL DATABASE ACCESS,,1,,,R702,SUPPORT- MANAGEMENT: DATA COLLECTION,,,,,518210,"DATA PROCESSING, HOSTING, AND RELATED SERVICES",C,NO CLAUSES INCLUDED AND NO SUSTAINABILITY INCLUDED,B,OTHER U.S. ENTITY (E.G. GOVERNMENT),,,Z,NOT IT PRODUCTS OR SERVICES,E,NOT REQUIRED,USA,UNITED STATES,C,NOT A MANUFACTURED END PRODUCT,B,PLAN NOT REQUIRED,C,NOT COMPETED,SP1,SIMPLIFIED ACQUISITION,NONE,NO SET ASIDE USED.,NONE,NO PREFERENCE USED,,,,,UNQ,UNIQUE SOURCE,1,A,COMMERCIAL ITEM,f,N,NO,N,NO,N,NO,N,NO,,N,NO,X,NOT APPLICABLE,X,NOT APPLICABLE,X,NOT APPLICABLE,X,NOT APPLICABLE,,,,,,,,NONE,NONE,,,,,N,N,N,NO,N,NO,X,NOT APPLICABLE,,,,,N,NO,X,NOT APPLICABLE,f,f,f,f,f,f,f,f,f,f,f,f,f,f,f,f,f,f,f,OTHER THAN SMALL BUSINESS,O,f,f,f,f,f,f,f,t,f,t,f,f,f,f,f,f,f,,f,f,f,f,f,f,t,f,f,f,f,f,f,f,f,f,t,f,f,f,f,f,f,f,f,f,f,f,f,f,f,f,f,f,f,f,f,f,f,f,f,f,f,f,f,f,f,f,f,f,,,,,,,,,,,https://www.usaspending.gov/award/CONT_AWD_HSCECR09P00110_7012_-NONE-_-NONE-/,2017-07-28
CONT_AWD_HSCECR08P00085_7012_-NONE-_-NONE-,HSCECR08P00085,,,,,,,,,5066.52,,,2008-07-21,2008,2017-05-31,2017,2008-07-21,2009-06-30,2009-06-30 00:00:00,,,070,Department of Homeland Security,7012,U.S. Immigration and Customs Enforcement,70CDCR,DETENTION COMPLIANCE AND REMOVALS,070,Department of Homeland Security,7055,Office of the Chief Procurement Officer,70QXXX,DHS CLOSEOUT INITIATIVE,,,,,X,NOT APPLICABLE,,,D4H1R5SJBT61,106885499,"SANTA CLARA, COUNTY OF","SANTA CLARA, COUNTY OF",,,JN6JQKW5G6G6,069118289,"SANTA CLARA, COUNTY OF",COUNTY OF SANTA CLARA,USA,UNITED STATES,1555 BERGER DR BLDG 2 FL 3,,SAN JOSE,SANTA CLARA,CA,CALIFORNIA,951122716,17,,,USA,UNITED STATES,SAN JOSE,SANTA CLARA,CA,CALIFORNIA,951122716,17,AWARD,B,PURCHASE ORDER,,,,,,,J,FIRM FIXED PRICE,CJIC ACCESS CHARGE TO PERFORM LAW ENFORCEMENT INVESTIGATIVE CHECKS FOR DRO SAN JOSE SUB-OFFICE.,,1,,,AN41,R&D- MEDICAL: HEALTH SERVICES (BASIC RESEARCH),,,,,923120,ADMINISTRATION OF PUBLIC HEALTH PROGRAMS,,,,,,,,,E,NOT REQUIRED,,,C,NOT A MANUFACTURED END PRODUCT,,,C,NOT COMPETED,SP1,SIMPLIFIED ACQUISITION,NONE,NO SET ASIDE USED.,NONE,NO PREFERENCE USED,,,,,FOC,FOLLOW-ON CONTRACT,0,D,COMMERCIAL ITEM PROCEDURES NOT USED,f,N,NO,N,NO,X,NOT APPLICABLE,N,NO,,N,NO,X,NOT APPLICABLE,N,NO,X,NOT APPLICABLE,X,NOT APPLICABLE,,,,,,,,NONE,NONE,,,X,NOT APPLICABLE EXEMPT FROM CAS,N,N,N,NO,N,NO,N,NO - SERVICE WHERE PBA IS NOT USED.,N,NO,,,N,NO,X,NOT APPLICABLE,f,f,f,f,f,f,f,f,f,f,f,f,f,f,f,f,f,f,f,OTHER THAN SMALL BUSINESS,O,f,f,f,f,f,f,f,t,f,t,f,f,f,f,f,f,f,,f,f,f,f,f,f,t,f,f,f,f,f,f,f,f,f,f,t,f,f,f,f,f,f,f,f,f,f,f,f,f,f,f,f,f,f,f,f,f,f,f,f,f,f,f,f,f,f,f,f,,,,,,,,,,,https://www.usaspending.gov/award/CONT_AWD_HSCECR08P00085_7012_-NONE-_-NONE-/,2017-07-28
